width,height
512,512
283,357
236,236
200,210
211,239
236,298
300,353
512,512
512,512
250,290
512,512
292,349
512,512
189,173
512,512
456,519
512,512
300,353
226,223
360,380
224,245
288,340
226,223
303,354
512,512
315,350
272,355
630,630
504,630
512,512
272,350
512,512
272,350
180,218
353,442
512,512
279,344
512,512
272,355
270,316
272,355
314,340
212,237
279,354
279,344
512,512
450,446
512,512
300,353
189,173
512,512
450,446
512,512
400,369
512,512
273,318
512,512
564,665
249,269
262,351
512,512
300,336
283,295
512,512
864,938
271,307
512,512
210,240
314,340
512,512
273,342
512,512
294,355
225,225
180,218
512,512
201,251
512,512
250,290
400,369
512,512
300,347
781,960
297,359
272,355
512,512
200,210
512,512
272,350
512,512
512,512
201,251
260,331
512,512
194,260
512,512
512,512
306,365
512,512
286,370
512,512
864,938
864,938
204,245
911,938
512,512
300,353
292,349
512,512
297,348
512,512
318,354
189,173
319,360
211,239
512,512
288,340
253,291
264,336
512,512
204,251
283,357
512,512
244,308
512,512
512,512
354,442
180,218
398,397
272,331
276,323
512,512
512,512
272,331
512,512
294,355
400,369
512,512
512,512
512,512
1275,1427
512,512
232,309
526,555
512,512
911,938
272,277
213,236
273,342
512,512
279,354
911,938
512,512
240,300
512,512
213,236
512,512
300,353
300,347
512,512
315,350
225,225
279,344
204,251
512,512
297,348
512,512
215,233
197,255
467,586
630,630
512,512
512,512
565,513
310,380
512,512
213,236
512,512
271,307
205,246
216,234
512,512
374,456
287,348
279,354
512,512
240,300
300,336
294,355
278,324
300,325
512,512
272,331
512,512
262,351
630,630
383,407
400,369
630,630
300,347
315,350
512,512
292,349
630,630
512,512
273,342
512,512
271,307
512,512
512,512
272,350
512,512
250,294
283,357
512,512
240,300
512,512
200,210
311,355
272,277
512,512
911,938
236,278
512,512
288,340
292,349
205,246
279,344
911,938
512,512
213,236
512,512
201,251
236,236
250,290
264,336
225,225
630,630
512,512
512,512
272,355
314,340
512,512
283,357
201,251
512,512
512,512
526,555
512,512
258,279
512,512
526,555
355,450
512,512
303,354
587,630
254,325
1059,1200
512,512
230,219
512,512
512,512
628,630
512,512
456,519
512,512
216,234
250,294
1061,1280
379,379
310,380
271,307
512,512
300,349
512,512
310,366
512,512
300,349
512,512
281,352
353,442
512,512
485,594
512,512
248,338
1275,1427
512,512
213,237
512,512
512,512
512,512
512,512
223,303
512,512
377,500
512,512
314,340
288,340
273,342
634,929
512,512
273,351
205,243
297,359
291,340
512,512
1059,1200
306,365
512,512
278,351
526,555
512,512
512,512
264,336
512,512
231,283
512,512
240,300
512,512
300,353
512,512
512,512
200,252
260,331
315,350
250,290
512,512
249,269
512,512
374,456
512,512
283,295
512,512
226,223
205,243
194,260
337,412
388,453
289,300
512,512
270,316
512,512
433,520
512,512
512,512
278,324
512,512
630,630
456,519
318,380
512,512
287,348
180,218
512,512
256,256
276,323
512,512
213,236
512,512
512,512
512,512
512,512
400,369
512,512
230,219
512,512
294,355
236,236
283,295
620,620
456,519
270,316
512,512
194,260
512,512
276,323
512,512
205,243
628,630
258,279
272,331
512,512
223,303
433,520
512,512
287,348
512,512
272,277
1275,1427
287,348
512,512
240,300
306,365
197,255
256,256
512,512
291,340
512,512
512,512
278,351
512,512
256,256
512,512
241,286
258,279
388,453
200,253
230,219
293,337
781,960
512,512
241,286
512,512
512,512
272,277
287,348
213,237
292,349
374,456
450,446
440,398
260,331
512,512
291,340
512,512
200,253
272,350
300,325
512,512
254,325
495,619
911,938
273,318
512,512
512,512
512,512
273,318
271,307
512,512
204,251
530,526
450,446
512,512
273,351
504,630
512,512
315,350
201,251
1024,1024
297,359
223,303
512,512
246,310
225,225
512,512
283,338
512,512
353,442
512,512
272,324
512,512
512,512
200,210
512,512
400,369
512,512
456,519
512,512
272,350
310,380
512,512
283,357
310,380
278,351
453,437
272,355
512,512
279,344
512,512
213,237
512,512
512,512
911,938
504,630
263,300
223,303
512,512
450,446
512,512
276,323
310,366
200,249
225,225
512,512
230,219
201,251
512,512
781,960
512,512
232,309
291,340
319,360
297,359
512,512
283,338
289,315
512,512
512,512
241,286
512,512
512,512
200,210
232,309
512,512
300,349
512,512
587,630
273,318
240,300
292,349
512,512
864,938
512,512
293,337
512,512
241,286
512,512
256,256
512,512
297,359
248,338
864,938
512,512
287,348
512,512
283,295
236,236
233,233
512,512
273,342
587,630
512,512
281,352
272,355
512,512
291,340
374,456
450,446
512,512
297,359
512,512
216,234
512,512
258,279
512,512
279,354
264,336
258,279
864,938
201,251
290,355
223,303
512,512
512,512
512,512
241,286
512,512
241,286
512,512
287,348
264,338
272,277
512,512
864,938
512,512
524,581
210,240
216,234
205,243
297,348
271,307
512,512
864,938
630,630
250,294
781,960
512,512
300,347
512,512
526,555
512,512
450,446
512,512
244,308
276,323
512,512
425,349
293,337
314,340
353,442
236,236
512,512
353,442
512,512
911,938
194,260
1275,1427
300,347
512,512
278,351
512,512
225,225
334,407
526,555
544,564
314,340
250,294
512,512
512,512
300,349
512,512
512,512
213,237
781,960
504,630
512,512
512,512
290,355
394,368
300,359
512,512
283,295
512,512
353,442
512,512
281,352
374,456
272,350
271,307
225,225
290,355
512,512
256,256
283,334
911,938
241,286
512,512
223,303
512,512
264,336
512,512
825,993
374,456
512,512
270,316
231,283
512,512
279,344
512,512
512,512
250,290
223,303
272,277
512,512
512,512
281,352
442,426
300,325
512,512
781,960
512,512
433,520
272,350
512,512
225,225
232,309
319,360
283,338
512,512
630,630
272,277
512,512
281,352
512,512
512,512
201,251
512,512
180,218
512,512
297,348
450,446
310,380
300,359
512,512
297,348
512,512
300,325
271,307
512,512
512,512
512,512
306,365
512,512
630,630
512,512
209,212
204,245
283,334
512,512
353,442
512,512
512,512
246,310
512,512
271,307
512,512
294,355
1275,1427
1061,1280
201,251
512,512
490,625
250,290
512,512
456,519
512,512
270,316
512,512
512,512
303,354
512,512
213,237
240,300
293,337
512,512
630,630
272,350
180,218
572,536
512,512
313,360
512,512
374,456
300,353
272,324
512,512
504,630
229,270
512,512
197,256
512,512
223,303
450,446
314,340
512,512
512,512
512,512
216,234
300,359
297,348
223,303
450,446
311,355
1275,1427
512,512
230,219
512,512
240,300
512,512
864,938
512,512
283,357
512,512
204,247
512,512
225,225
377,500
283,357
211,239
256,256
254,325
294,355
526,555
512,512
273,351
300,353
270,316
512,512
250,290
512,512
241,286
433,520
400,431
512,512
189,173
512,512
264,336
512,512
630,630
554,554
215,233
197,255
512,512
512,512
781,960
512,512
279,344
512,512
278,351
512,512
276,323
512,512
213,236
512,512
272,355
512,512
254,325
467,586
225,225
353,442
232,309
512,512
300,347
512,512
353,442
512,512
225,225
512,512
272,350
512,512
628,630
278,351
281,352
215,234
205,246
512,512
911,938
512,512
271,307
512,512
264,338
244,308
531,577
273,342
620,415
490,625
526,555
512,512
300,347
512,512
1059,1200
512,512
433,520
512,512
512,512
194,260
512,512
512,512
293,337
512,512
272,324
244,308
278,351
512,512
450,446
512,512
262,351
512,512
272,277
254,312
421,504
272,277
512,512
232,309
512,512
225,225
272,350
231,283
781,960
512,512
512,512
279,354
512,512
264,336
249,269
256,256
630,630
272,277
512,512
216,234
512,512
300,336
512,512
292,349
1024,1024
310,380
512,512
512,512
512,512
512,512
911,938
512,512
229,270
512,512
253,291
272,277
512,512
512,512
512,512
512,512
230,219
512,512
911,938
512,512
512,512
263,300
270,316
512,512
260,298
262,351
279,344
300,325
450,446
512,512
377,500
512,512
467,586
512,512
283,334
306,365
512,512
241,286
300,359
281,352
512,512
223,303
512,512
400,369
512,512
272,324
213,237
204,251
512,512
273,342
512,512
240,300
512,512
206,249
279,344
225,225
512,512
270,316
512,512
512,512
250,294
512,512
512,512
630,630
512,512
200,210
512,512
315,350
353,442
524,581
226,223
554,554
262,351
248,274
512,512
456,519
512,512
273,318
512,512
300,353
278,324
272,331
283,295
213,236
258,279
512,512
512,512
230,219
289,300
310,380
279,354
236,278
264,338
512,512
377,500
512,512
189,173
512,512
300,353
512,512
240,300
512,512
1024,1024
512,512
272,331
512,512
283,357
512,512
283,338
276,323
512,512
270,316
630,630
236,236
504,630
512,512
911,938
512,512
512,512
292,349
512,512
264,336
512,512
264,338
630,630
911,938
512,512
300,359
512,512
300,347
640,480
620,620
276,323
557,641
290,355
213,237
512,512
630,630
297,348
353,442
225,225
272,355
512,512
287,348
512,512
240,300
512,512
194,260
512,512
400,431
313,360
201,251
215,233
321,352
526,555
911,938
512,512
512,512
213,236
512,512
264,336
512,512
216,234
209,212
450,446
512,512
272,350
512,512
315,341
554,554
232,309
512,512
300,349
512,512
450,446
310,366
288,340
512,512
911,938
209,212
200,210
512,512
272,350
300,336
300,349
630,630
512,512
273,351
512,512
512,512
313,360
512,512
294,355
512,512
200,210
194,260
400,431
512,512
200,234
303,354
300,353
512,512
512,512
231,283
512,512
291,340
512,512
213,237
512,512
512,512
512,512
240,300
200,249
512,512
273,351
300,349
512,512
911,938
512,512
526,555
512,512
225,225
313,360
400,431
512,512
341,377
512,512
197,256
512,512
630,630
512,512
240,300
512,512
283,295
512,512
512,512
283,295
512,512
287,348
526,583
781,960
512,512
374,456
512,512
281,352
205,243
512,512
241,286
864,938
630,630
286,370
512,512
300,349
283,295
1024,1024
512,512
512,512
512,512
630,630
512,512
279,354
512,512
270,316
300,336
310,380
300,349
232,309
321,352
512,512
512,512
1024,1024
279,354
512,512
273,342
232,309
315,350
300,349
231,283
256,256
781,960
512,512
300,353
512,512
283,295
512,512
504,630
244,308
306,365
315,350
512,512
260,331
281,352
288,340
512,512
512,512
272,331
512,512
204,251
512,512
512,512
339,406
256,256
249,238
258,279
1059,1200
250,290
512,512
512,512
315,350
240,300
200,210
297,359
223,303
310,380
232,309
250,294
1275,1427
232,309
512,512
272,331
512,512
512,512
254,325
512,512
512,512
630,630
512,512
297,348
512,512
512,512
512,512
208,243
421,504
216,234
300,359
911,938
512,512
300,347
213,236
512,512
450,446
512,512
300,359
512,512
175,167
297,359
450,446
249,238
272,350
512,512
456,519
512,512
512,512
450,446
271,307
512,512
512,512
303,354
512,512
293,337
512,512
512,512
310,355
204,251
450,446
211,239
512,512
292,349
512,512
300,336
512,512
279,344
512,512
292,349
512,512
205,243
450,446
303,354
512,512
216,234
201,251
512,512
504,630
512,512
283,295
512,512
273,326
282,257
292,349
240,300
512,512
300,325
294,355
278,351
283,334
512,512
278,351
450,446
288,340
495,619
1059,1200
512,512
194,260
248,338
512,512
297,359
314,340
512,512
512,512
273,318
1061,1280
512,512
200,210
320,355
201,251
512,512
226,223
197,256
512,512
504,630
512,512
319,360
303,354
401,475
283,295
205,243
512,512
272,331
400,369
276,323
258,279
264,338
512,512
273,342
510,602
512,512
630,630
353,427
1059,1200
294,355
512,512
1275,1427
512,512
273,342
512,512
512,512
230,219
512,512
264,336
197,255
512,512
504,630
240,300
1059,1200
374,456
512,512
294,380
526,555
283,357
512,512
281,352
512,512
263,300
244,308
512,512
314,340
272,331
630,630
1059,1200
512,512
178,249
512,512
264,336
512,512
512,512
628,630
512,512
286,370
204,251
512,512
369,419
204,247
248,274
512,512
314,340
512,512
279,344
512,512
241,286
225,225
512,512
258,279
310,380
512,512
1275,1427
293,337
512,512
225,225
450,446
512,512
504,630
313,360
512,512
630,630
512,512
279,354
331,392
355,399
256,256
178,249
317,378
241,286
512,512
293,337
250,290
512,512
512,512
512,512
271,307
400,369
512,512
292,349
205,246
512,512
353,442
512,512
194,260
512,512
318,380
512,512
400,431
201,251
512,512
303,354
310,380
456,519
290,355
283,357
512,512
225,225
512,512
213,237
512,512
272,277
512,512
279,344
353,442
512,512
512,512
278,324
377,500
205,243
512,512
314,340
197,229
512,512
279,354
279,344
250,290
512,512
286,370
512,512
297,359
244,308
512,512
223,303
512,512
353,442
300,336
250,290
512,512
630,630
512,512
272,350
512,512
317,378
300,325
287,348
209,212
512,512
630,630
512,512
194,260
512,512
272,355
512,512
213,236
512,512
864,938
250,294
512,512
911,938
223,303
300,353
300,325
224,216
226,223
310,355
292,349
225,225
512,512
241,286
512,512
300,353
201,251
512,512
254,325
512,512
300,349
512,512
197,255
204,247
288,340
512,512
512,512
512,512
377,500
512,512
209,241
224,225
374,456
433,520
240,300
512,512
504,630
512,512
512,512
512,512
400,369
260,298
512,512
306,365
512,512
630,630
201,251
512,512
283,338
512,512
253,291
512,512
911,938
911,938
264,336
504,630
353,442
225,225
272,350
286,370
278,324
512,512
314,340
512,512
241,286
512,512
225,225
512,512
276,323
201,251
512,512
272,355
194,260
264,338
628,630
512,512
512,512
263,300
512,512
554,554
180,218
230,219
310,355
512,512
355,450
512,512
272,350
279,354
512,512
300,353
512,512
197,255
512,512
400,369
288,340
211,239
512,512
236,298
223,303
512,512
292,349
300,349
264,336
864,938
512,512
294,355
512,512
204,247
512,512
272,277
512,512
264,338
512,512
1061,1280
512,512
355,450
512,512
450,446
512,512
300,353
283,334
512,512
526,555
313,360
289,300
512,512
512,512
315,350
512,512
377,500
512,512
781,960
278,349
264,338
512,512
630,630
512,512
290,355
512,512
326,405
314,340
541,477
200,235
272,350
640,480
291,340
512,512
620,620
512,512
306,365
200,210
240,300
512,512
310,380
374,456
512,512
297,348
591,650
544,564
294,380
512,512
256,256
512,512
1024,1024
512,512
512,512
306,365
512,512
205,246
512,512
512,512
270,316
512,512
292,349
512,512
232,309
512,512
319,360
512,512
287,348
512,512
781,960
254,325
512,512
226,223
825,993
630,630
278,351
512,512
273,351
254,312
512,512
223,303
512,512
433,520
213,236
270,316
512,512
288,340
204,247
456,519
256,256
512,512
512,512
911,938
293,337
512,512
353,442
620,415
297,359
512,512
373,378
456,519
273,351
512,512
213,237
512,512
306,365
201,251
250,294
512,512
278,351
232,309
283,357
276,323
293,337
512,512
260,331
216,234
512,512
201,251
512,512
374,456
231,283
425,349
232,309
230,219
512,512
512,512
300,347
194,260
512,512
232,309
272,331
512,512
504,630
204,251
273,351
512,512
225,225
512,512
260,331
273,342
512,512
204,247
512,512
374,456
213,237
272,331
433,520
283,334
374,456
226,223
512,512
283,295
288,340
512,512
201,251
512,512
512,512
256,256
628,630
384,382
314,340
628,630
512,512
587,630
512,512
1024,1024
512,512
781,960
512,512
512,512
512,512
512,512
286,370
450,446
204,251
630,630
512,512
512,512
310,380
512,512
291,340
512,512
313,360
512,512
291,340
512,512
504,608
189,173
512,512
546,562
241,286
512,512
230,219
273,318
512,512
260,331
512,512
216,234
512,512
286,370
512,512
512,512
214,235
472,546
226,223
231,283
512,512
283,334
512,512
278,351
512,512
289,300
512,512
512,512
512,512
630,630
512,512
303,354
253,291
273,318
264,336
526,555
306,365
512,512
205,243
512,512
512,512
512,512
1059,1200
700,890
225,225
291,340
512,512
264,338
512,512
864,938
512,512
201,251
512,512
300,347
512,512
224,245
294,355
504,630
766,879
630,630
512,512
273,351
512,512
292,349
300,353
293,337
512,512
205,246
272,277
512,512
278,351
512,512
213,237
509,537
219,234
246,310
512,512
825,993
319,360
294,380
456,519
512,512
512,512
512,512
512,512
272,355
512,512
225,225
253,291
512,512
911,938
554,554
200,249
273,318
512,512
628,630
512,512
223,303
512,512
911,938
400,431
331,392
194,260
231,283
512,512
310,366
512,512
293,337
450,446
512,512
272,355
260,331
248,338
512,512
206,244
512,512
216,234
512,512
283,357
313,360
189,173
289,300
630,630
374,456
512,512
300,336
512,512
587,630
512,512
281,352
194,260
512,512
240,300
512,512
314,340
253,291
512,512
230,219
300,325
512,512
283,338
512,512
512,512
297,359
512,512
216,216
512,512
1059,1200
512,512
290,355
512,512
273,318
512,512
201,251
216,234
512,512
314,340
512,512
306,365
264,336
1275,1427
197,255
225,225
213,237
223,303
1024,1024
587,630
278,351
512,512
283,357
512,512
276,323
630,630
512,512
194,260
512,512
211,239
338,345
291,340
512,512
512,512
512,512
232,309
225,225
272,350
313,360
272,350
630,630
512,512
300,325
512,512
281,352
512,512
279,354
512,512
250,294
300,353
512,512
911,938
264,338
236,236
209,212
323,342
911,938
300,336
512,512
197,256
512,512
512,512
270,316
283,295
271,307
300,359
512,512
374,456
272,277
512,512
450,446
512,512
279,354
512,512
512,512
394,368
201,251
213,237
400,369
175,167
504,630
512,512
201,251
512,512
512,512
512,512
310,380
374,456
512,512
400,369
512,512
512,512
512,512
204,249
480,480
276,323
240,300
587,630
512,512
630,630
512,512
512,512
512,512
264,336
512,512
250,294
232,309
630,630
291,340
630,630
204,247
512,512
630,630
512,512
512,512
825,993
512,512
283,334
512,512
512,512
273,342
512,512
260,331
512,512
240,300
283,357
512,512
911,938
1059,1200
236,298
213,236
512,512
250,294
314,340
512,512
283,338
278,351
512,512
512,512
512,512
504,630
319,360
433,520
283,357
512,512
314,340
512,512
864,938
512,512
256,256
512,512
254,325
249,238
293,337
189,173
512,512
226,223
273,342
628,630
512,512
225,225
291,340
291,340
205,246
524,581
273,351
213,237
512,512
314,340
512,512
250,290
512,512
512,512
512,512
300,336
1024,1024
300,347
369,419
216,234
825,993
288,340
512,512
289,315
512,512
512,512
293,337
512,512
204,251
338,411
300,258
290,355
314,340
273,342
630,630
279,354
211,239
297,359
628,630
510,602
273,318
450,446
700,890
512,512
504,630
512,512
248,338
512,512
512,512
200,210
305,325
306,365
236,236
628,630
300,349
512,512
512,512
512,512
587,630
279,344
512,512
278,324
194,260
634,929
271,307
386,406
825,993
1059,1200
512,512
294,355
512,512
288,340
200,210
297,359
512,512
244,308
256,256
205,243
300,325
276,323
256,256
512,512
276,323
512,512
314,340
512,512
263,300
512,512
544,564
213,237
512,512
512,512
512,512
215,233
225,225
512,512
287,348
512,512
297,348
223,303
283,338
233,233
433,520
512,512
256,256
197,256
512,512
630,630
512,512
512,512
205,246
512,512
512,512
303,354
512,512
297,359
512,512
248,338
512,512
283,334
194,260
273,342
630,630
294,380
287,348
630,630
512,512
526,555
512,512
223,303
512,512
205,243
512,512
512,512
512,512
205,251
354,442
272,355
225,225
512,512
433,520
512,512
283,338
512,512
512,512
512,512
512,512
300,325
512,512
272,324
305,337
260,331
278,351
264,338
504,608
512,512
286,370
300,349
512,512
279,344
512,512
310,380
512,512
290,355
512,512
512,512
512,512
264,336
281,352
320,355
512,512
450,446
230,219
197,229
250,290
180,218
455,500
315,350
512,512
287,348
278,349
241,286
512,512
630,630
512,512
353,442
512,512
283,295
512,512
289,300
433,520
314,340
300,325
512,512
293,337
512,512
512,512
283,334
225,225
303,354
244,308
512,512
272,331
512,512
276,323
283,357
512,512
1061,1280
512,512
225,225
225,225
512,512
526,555
200,210
194,260
229,270
528,581
253,291
279,344
1059,1200
587,630
512,512
254,325
512,512
300,347
512,512
400,431
512,512
226,223
512,512
209,212
223,303
315,350
512,512
300,349
201,251
512,512
512,512
273,318
512,512
512,512
211,239
825,993
512,512
781,960
512,512
240,300
209,212
512,512
256,256
512,512
766,879
512,512
226,223
512,512
276,323
512,512
297,348
587,630
630,630
279,354
215,233
287,348
512,512
300,359
512,512
249,269
291,340
512,512
306,365
225,225
512,512
289,315
294,355
355,399
300,347
442,426
278,324
512,512
264,336
512,512
433,520
512,512
209,212
630,630
326,405
512,512
512,512
864,938
512,512
512,512
319,360
263,300
230,219
512,512
512,512
240,300
512,512
272,331
357,396
294,355
283,357
512,512
319,360
485,594
287,348
272,277
512,512
526,555
630,630
512,512
512,512
297,348
781,960
353,442
512,512
291,340
258,279
512,512
250,290
512,512
276,323
512,512
283,295
512,512
273,318
197,255
628,630
260,331
206,244
512,512
512,512
288,340
512,512
512,512
270,316
272,331
319,360
512,512
293,337
232,217
227,222
642,361
225,225
236,251
420,280
630,630
225,225
215,234
225,225
1000,714
215,234
236,295
177,197
1280,720
227,222
227,222
208,242
364,418
550,664
201,250
235,214
225,225
393,400
214,236
233,222
230,282
200,243
630,630
225,225
630,630
232,217
416,489
225,225
225,225
1024,1024
630,630
630,630
300,168
441,442
359,449
225,225
225,225
236,236
442,454
236,251
201,250
173,201
227,222
452,509
504,540
275,301
201,251
150,198
512,512
194,259
300,168
350,350
630,630
236,236
196,257
236,290
150,198
235,229
339,415
206,244
236,236
216,293
232,217
393,400
215,234
228,221
605,613
225,225
225,225
192,192
218,231
225,225
236,268
201,251
214,236
300,168
232,217
680,680
442,454
235,229
201,251
411,496
236,236
150,198
201,251
339,340
630,630
220,275
201,251
228,221
225,225
200,248
225,225
236,236
336,380
235,214
234,234
212,238
225,225
428,417
192,192
214,236
227,262
227,222
215,234
236,262
235,214
236,269
173,201
225,225
218,231
438,502
236,262
225,225
150,198
428,417
642,361
733,781
210,234
236,295
605,613
150,198
206,244
230,282
350,393
236,221
630,630
201,251
428,417
214,236
236,213
439,512
215,234
225,225
630,630
236,236
236,251
442,442
173,201
230,282
630,614
276,326
755,824
225,225
214,236
214,236
400,442
630,630
339,340
442,454
232,217
225,225
230,274
630,630
512,512
212,280
150,198
207,207
225,225
393,400
630,630
468,444
214,236
218,231
200,252
235,227
393,400
630,630
192,192
428,417
209,242
409,442
200,252
225,225
225,225
225,225
194,259
512,512
630,630
275,183
267,328
206,244
468,444
276,326
630,630
214,236
680,680
232,217
236,236
300,168
300,168
330,220
192,192
442,442
275,183
630,630
201,250
442,442
236,260
227,262
504,540
420,280
236,226
215,234
192,192
630,630
207,243
225,225
276,326
225,225
251,273
236,290
236,236
225,225
236,236
228,221
512,512
173,201
276,326
225,225
236,213
236,236
225,225
236,263
442,442
512,512
225,225
208,242
215,234
630,630
356,474
236,236
300,168
201,250
236,269
428,417
276,326
442,442
225,225
630,630
192,192
380,530
1024,1024
234,224
228,221
400,442
275,301
236,236
227,222
228,221
332,442
212,238
201,250
236,236
236,236
208,248
428,417
236,213
200,252
278,253
225,225
196,257
227,262
192,192
236,213
215,234
236,251
208,242
225,225
225,225
206,244
236,260
225,225
225,225
201,250
227,262
225,225
224,223
236,236
630,630
214,236
215,234
227,222
356,474
227,262
201,251
236,260
218,231
380,530
236,290
275,183
225,225
236,236
227,262
201,251
630,630
236,236
225,225
339,340
227,222
215,234
201,251
300,168
192,192
234,218
359,449
218,231
200,252
1024,1024
150,198
228,221
236,236
200,252
225,225
225,225
201,250
380,530
504,540
235,229
228,228
630,630
192,192
234,225
420,280
208,248
504,540
236,366
150,198
428,417
442,454
630,630
225,225
200,248
275,183
275,183
926,649
428,417
472,537
228,221
214,236
228,221
890,1075
173,201
442,442
227,222
214,236
800,693
405,484
215,234
207,243
150,198
214,236
225,225
1000,583
214,236
630,630
225,225
218,231
235,277
339,340
228,221
225,225
192,192
228,221
225,225
629,585
630,630
314,260
236,300
201,250
278,280
225,225
339,340
359,449
356,474
225,225
630,630
206,244
380,530
206,244
680,680
236,236
550,664
225,225
201,251
234,224
201,250
853,480
225,225
192,192
225,225
225,225
387,469
227,222
206,244
642,361
235,227
442,442
630,630
173,201
630,630
212,238
236,269
225,225
215,234
200,252
456,501
236,236
228,221
212,238
173,201
225,225
225,225
220,275
236,236
420,280
227,222
630,630
225,225
192,192
201,251
236,309
225,225
236,236
225,225
227,262
235,229
212,222
232,217
236,228
225,225
300,168
236,243
393,400
225,225
428,417
225,225
218,231
300,168
409,442
200,252
441,442
200,252
468,444
468,444
354,443
173,201
414,496
236,263
236,213
150,198
339,340
225,225
201,250
232,217
442,442
200,252
215,234
428,417
212,280
236,366
225,225
225,225
236,280
331,406
400,442
236,231
642,361
201,250
173,201
350,350
300,168
212,236
225,225
201,251
220,212
350,393
642,361
177,197
206,244
173,201
225,225
630,630
225,225
468,444
236,203
680,680
236,236
276,326
194,259
200,252
407,485
630,630
201,251
528,528
512,512
300,168
275,183
468,444
225,225
630,630
236,294
225,225
236,262
300,168
225,225
314,258
236,236
428,417
201,251
225,225
225,225
232,217
276,326
224,286
232,217
236,213
622,777
201,251
236,236
207,243
550,664
225,225
630,630
225,225
236,236
206,244
201,250
232,217
236,213
218,231
300,168
232,217
630,630
236,236
630,630
225,225
225,225
234,218
275,301
225,225
227,222
428,417
212,238
428,417
227,262
225,225
177,197
235,264
642,361
550,664
225,225
356,474
504,540
201,244
630,630
504,540
380,530
215,234
225,225
442,454
276,326
227,262
512,512
225,225
393,400
201,251
201,251
215,234
228,221
200,252
225,225
259,194
512,512
442,442
642,361
724,851
630,630
630,630
236,213
428,417
600,605
194,259
255,236
225,225
207,243
276,326
355,452
230,282
220,275
236,236
442,442
206,244
339,340
220,275
201,251
428,417
211,236
442,442
232,217
212,238
192,192
225,225
225,225
233,210
218,231
228,228
208,242
300,168
225,225
225,225
236,236
393,400
225,225
630,630
201,250
227,213
441,442
428,417
441,442
236,357
205,214
225,225
550,664
150,198
227,222
205,214
201,251
208,248
234,234
194,259
416,512
208,242
400,442
724,851
236,236
225,225
201,251
230,282
630,630
236,236
150,198
150,198
194,259
150,198
225,225
225,225
201,250
642,361
233,226
300,168
196,257
236,243
550,664
227,222
225,225
236,213
420,280
236,295
224,262
850,745
227,262
225,225
225,225
225,225
1024,1024
150,198
201,251
225,225
320,344
218,231
236,243
150,198
236,357
206,244
177,197
201,251
206,244
202,250
225,225
217,248
630,630
236,251
206,244
201,251
227,262
225,225
504,540
206,244
235,244
393,400
236,236
225,225
208,242
428,417
630,630
173,201
225,225
356,474
225,225
630,630
393,400
236,250
339,340
236,236
206,244
220,212
630,630
230,282
442,454
227,222
236,257
201,251
504,540
227,262
227,222
300,168
359,449
228,221
207,243
350,350
420,280
236,236
177,197
235,227
220,275
504,540
228,221
218,231
442,454
236,236
221,257
227,300
225,225
350,350
512,512
225,225
201,251
236,300
232,217
194,259
428,417
236,273
350,350
225,225
225,259
236,300
236,213
200,252
1000,583
225,225
177,197
442,442
232,217
225,225
236,236
630,630
225,225
225,225
200,252
228,221
225,225
234,225
400,442
359,449
208,217
235,214
630,614
642,361
225,225
236,236
228,221
201,250
428,417
194,259
208,242
225,225
227,222
452,509
236,236
232,217
600,605
236,263
225,225
225,225
630,630
630,630
300,168
173,201
225,225
228,221
236,232
208,248
173,201
236,269
232,217
227,222
630,630
173,201
201,251
225,225
225,225
236,240
230,282
228,221
236,357
192,192
434,512
236,236
235,214
229,280
236,243
194,259
504,540
350,350
1375,1446
300,168
225,225
428,417
201,251
215,234
228,221
218,231
256,256
300,168
218,234
228,221
300,168
209,234
208,242
196,257
215,234
200,200
201,250
228,221
512,512
222,252
228,221
236,222
225,225
200,252
208,242
236,231
207,243
225,225
222,252
235,227
225,225
300,168
225,225
225,225
468,444
206,244
236,315
225,225
225,225
150,198
300,168
236,236
208,248
642,361
300,168
200,252
393,400
236,236
222,252
214,236
275,183
235,214
350,350
400,442
205,249
350,393
550,664
680,680
234,225
400,442
750,750
276,326
400,442
428,417
630,630
212,238
236,236
393,400
236,309
220,275
232,217
227,222
225,225
850,872
300,168
194,259
380,530
225,225
442,442
227,262
512,512
442,442
400,442
150,198
226,213
442,442
236,236
206,244
215,234
1024,830
221,257
225,225
550,664
359,449
400,442
428,417
200,252
230,282
262,244
232,217
236,260
225,225
236,236
225,225
472,537
173,201
196,257
225,225
227,262
225,225
225,225
225,225
225,225
208,242
150,198
400,442
236,236
314,260
232,217
225,225
630,630
196,257
234,218
225,225
201,250
235,216
442,442
642,361
225,225
225,225
225,225
200,200
300,168
228,221
236,257
225,225
232,217
441,442
206,244
225,225
236,357
380,530
173,201
173,201
442,442
550,664
442,442
236,213
225,225
208,225
218,231
276,338
192,192
232,217
201,249
225,225
225,225
225,225
236,236
200,252
225,225
441,442
232,217
194,259
233,208
442,454
225,225
236,262
225,225
225,225
224,286
227,222
276,326
642,361
201,251
218,231
236,236
225,225
207,225
642,361
512,512
393,400
428,417
225,225
173,201
850,872
630,630
203,243
630,630
225,225
227,262
680,680
227,262
235,214
218,231
209,242
441,442
225,225
230,235
630,630
630,630
214,236
173,201
504,540
227,222
442,442
232,217
442,454
428,417
400,442
150,198
630,630
442,442
400,442
356,474
200,252
680,680
380,530
1024,1024
359,449
442,442
232,217
235,215
630,630
442,442
442,442
441,442
642,361
300,168
201,250
235,228
630,630
300,168
853,480
225,225
225,225
201,251
206,244
201,251
225,225
236,228
504,540
203,243
359,449
314,258
208,242
225,225
642,361
300,168
215,234
218,231
227,222
680,680
225,225
236,250
420,280
230,282
220,275
400,442
428,417
228,221
225,225
207,243
225,225
504,540
227,222
236,236
428,417
227,262
442,442
300,168
218,231
208,217
228,221
200,252
150,198
225,225
225,225
504,540
206,244
225,225
276,326
200,243
215,234
225,225
236,220
441,442
626,686
236,263
300,168
680,680
225,225
236,273
227,262
205,249
232,217
630,630
236,239
630,630
173,201
227,262
173,201
236,231
214,236
232,217
497,398
227,222
201,250
442,454
225,225
512,512
201,250
441,442
206,244
642,361
200,243
218,231
212,238
225,225
194,259
196,257
228,221
225,225
206,244
225,225
416,512
225,225
442,442
200,252
235,214
214,236
236,251
218,231
150,198
331,406
225,225
468,444
550,664
225,225
468,444
236,218
512,512
227,222
225,225
192,192
232,217
441,442
237,248
332,442
259,194
225,225
512,512
420,280
400,442
300,168
562,592
350,393
356,474
225,225
236,251
206,244
225,225
230,282
339,340
225,225
236,236
468,444
420,280
235,227
630,630
150,198
232,217
276,326
233,208
201,250
150,198
630,630
225,225
225,225
192,192
225,225
206,244
225,225
228,221
225,225
236,260
235,261
450,504
208,242
380,530
232,217
235,227
225,225
441,442
225,225
207,243
225,225
236,260
173,201
420,280
207,243
235,227
201,250
630,630
208,242
215,234
926,649
428,417
232,217
411,496
225,225
215,234
225,225
225,225
218,231
201,251
359,449
218,231
236,231
234,218
417,424
206,244
236,257
207,243
201,251
504,540
236,252
227,222
275,183
235,229
192,192
442,442
225,225
411,501
234,225
208,278
468,444
225,225
228,221
494,600
236,260
206,244
236,236
207,243
728,725
194,259
350,350
225,225
173,201
468,444
428,417
339,340
212,238
225,225
300,168
630,630
236,251
225,225
236,236
232,217
890,1075
442,442
225,225
428,417
225,225
275,183
201,251
225,225
225,225
225,225
680,680
236,236
228,221
339,340
206,244
210,201
420,280
218,231
173,201
442,442
356,474
267,328
227,222
300,168
200,252
227,222
235,233
215,234
233,228
235,214
500,500
214,236
227,222
228,221
409,442
201,250
232,217
630,630
648,674
630,630
192,192
225,225
276,326
225,225
225,225
225,225
200,252
234,224
236,213
235,304
208,242
225,225
201,251
201,251
468,444
380,530
321,351
225,225
275,183
218,231
442,454
200,248
630,630
359,449
225,225
321,351
626,575
630,630
201,251
150,198
225,225
177,197
215,234
207,243
225,225
300,168
225,225
236,236
232,217
235,257
512,512
225,225
225,225
173,201
630,630
150,198
173,201
275,183
206,244
225,225
236,236
225,225
225,225
225,225
350,350
236,260
220,275
680,680
225,225
227,222
755,824
236,243
208,242
173,201
206,244
236,236
225,225
214,236
236,290
550,664
428,417
350,350
630,630
825,832
192,192
225,225
215,234
233,243
236,236
208,242
1920,1080
228,221
225,225
235,214
300,168
414,496
150,198
230,282
550,664
150,198
228,221
236,290
220,275
150,198
234,225
200,252
225,225
235,214
626,575
235,228
227,222
300,168
208,242
201,250
234,224
201,251
232,217
417,424
225,225
228,221
300,168
728,725
236,236
236,270
502,513
207,243
225,225
227,262
236,273
225,225
225,225
173,201
428,417
428,417
225,225
225,225
225,225
235,227
442,454
400,442
236,300
441,442
208,278
200,252
230,282
230,282
630,630
853,480
236,236
420,280
350,393
192,192
393,400
630,630
225,225
339,340
504,540
206,244
232,217
600,600
236,236
680,680
225,225
393,400
208,242
206,244
228,221
300,168
275,301
630,630
442,442
236,236
225,225
173,201
150,198
220,275
359,449
225,225
550,664
200,252
504,540
442,442
225,225
253,239
232,217
232,217
393,400
350,393
201,250
225,225
236,218
275,183
225,225
192,192
196,257
468,444
196,257
442,442
227,262
550,664
225,225
214,236
236,262
210,213
200,252
225,225
230,282
230,282
236,236
225,225
428,417
468,444
300,168
321,351
201,250
236,236
235,214
214,236
225,225
201,251
235,261
380,530
200,252
236,236
225,225
225,225
236,236
275,183
232,217
225,225
200,252
225,225
420,280
225,225
233,218
276,326
192,192
201,250
259,194
200,252
236,228
630,630
225,225
225,225
225,225
655,602
420,280
228,221
225,225
192,192
208,242
192,192
235,257
227,262
504,540
210,234
504,540
227,222
225,259
207,243
201,251
504,540
225,225
201,251
228,221
276,326
200,252
359,449
236,357
236,236
201,251
201,251
230,282
206,244
228,221
850,872
234,218
400,442
225,225
428,417
212,236
504,488
228,221
276,326
218,231
234,218
232,217
228,221
225,218
428,417
225,225
225,225
173,201
236,257
230,282
219,211
225,225
207,225
442,442
236,213
225,225
150,198
208,242
208,225
300,168
428,417
416,512
220,275
442,454
442,442
201,249
300,168
201,250
356,474
229,214
236,236
642,361
235,214
228,221
562,592
150,198
630,630
400,442
225,225
512,512
225,225
227,262
150,198
236,262
216,302
825,832
234,224
504,540
225,225
630,630
400,442
236,270
428,417
447,251
150,198
364,418
300,168
225,225
201,251
359,449
400,442
173,201
300,168
234,218
225,225
236,213
642,361
216,202
468,444
225,225
228,221
227,222
225,225
296,320
225,225
232,217
150,198
208,242
359,449
468,444
236,236
232,217
236,201
442,442
680,680
512,512
207,243
428,417
201,251
235,214
630,630
218,234
590,332
236,280
200,252
442,442
201,251
446,512
207,243
225,225
200,252
642,361
728,725
225,225
236,213
214,236
200,252
225,225
236,236
236,231
469,470
173,201
225,225
150,198
204,247
468,444
225,225
206,244
192,192
200,252
236,243
232,217
225,225
225,225
441,442
225,225
359,449
225,225
208,242
785,848
236,236
225,225
225,225
235,227
228,221
201,251
225,225
208,242
150,198
225,225
600,450
339,340
393,400
225,225
225,225
236,223
227,262
428,417
630,630
227,222
235,227
236,315
359,449
630,630
441,442
194,259
201,250
225,225
207,243
200,252
210,213
225,225
236,236
680,680
630,630
201,250
225,225
225,225
1920,1080
228,221
717,717
210,264
236,236
232,217
442,442
642,361
236,236
225,225
228,221
359,449
177,197
512,512
300,168
173,201
350,350
411,501
232,217
225,225
225,225
468,444
201,251
225,225
208,242
225,225
430,483
630,630
227,222
630,630
680,680
235,214
300,168
150,198
441,442
225,225
630,630
244,274
630,630
225,225
225,225
236,257
212,238
227,262
205,249
359,449
642,361
225,225
232,217
225,225
225,225
236,213
227,222
196,257
206,244
428,417
212,238
630,630
236,236
409,442
225,225
350,393
512,512
225,225
227,222
212,236
214,236
236,260
550,664
200,252
225,225
227,300
550,664
600,519
150,198
208,242
225,225
420,280
225,225
173,201
225,225
236,309
728,725
234,225
393,400
208,248
235,214
468,444
420,280
630,630
225,225
300,168
630,630
196,257
210,264
420,280
630,630
177,197
225,225
300,168
225,225
200,252
442,454
442,442
200,252
785,848
225,225
470,508
232,217
228,221
218,231
218,231
207,243
428,417
254,198
410,490
236,262
225,225
630,630
494,600
201,250
236,213
630,630
300,168
442,442
642,361
630,630
225,225
276,326
236,236
228,221
504,540
550,664
236,213
201,251
218,231
233,210
225,225
236,236
442,454
1024,1024
642,361
225,225
236,252
227,262
225,225
356,474
630,630
227,262
150,198
228,221
232,216
336,380
201,251
225,225
225,225
236,300
225,225
218,231
200,252
201,251
393,400
442,454
468,444
225,225
225,225
200,210
227,222
196,257
209,234
232,217
852,480
225,225
177,197
380,530
192,192
300,168
232,217
300,168
200,252
236,216
359,449
150,198
225,225
400,442
218,231
236,263
225,225
232,217
236,218
236,236
453,496
201,251
150,198
359,449
218,231
359,449
225,225
201,251
232,217
225,225
235,229
218,231
236,295
201,251
655,602
200,252
785,848
355,452
442,442
196,257
208,242
173,201
232,217
194,259
236,268
224,262
468,444
359,449
207,225
225,225
236,236
630,630
225,225
442,454
225,225
278,253
228,221
228,221
236,213
235,214
235,228
225,225
150,198
504,540
236,236
359,449
192,192
354,443
192,192
227,222
428,417
468,444
300,168
420,280
173,201
275,301
150,198
235,261
192,192
852,480
225,225
230,282
192,192
211,236
750,750
329,310
235,233
220,275
236,213
218,234
630,630
232,217
630,630
225,225
194,259
206,244
206,244
215,234
227,222
421,486
227,213
228,221
236,236
380,530
416,512
225,225
225,225
212,222
215,234
225,225
205,214
228,221
173,201
512,512
200,252
468,444
225,225
201,251
201,251
236,236
350,393
652,600
207,243
236,295
630,630
150,198
200,252
225,225
225,225
208,225
428,417
192,192
203,248
233,226
504,540
441,442
201,251
236,236
444,506
225,225
225,225
225,225
225,225
236,220
236,295
173,201
227,262
300,168
339,415
225,225